;c_diagnose_1;c_diagnose_Catalog_1;mapped_Catalog;number_of_mappings;number_of_upsamplings;matchable_code
0;E66.97;ICD10 2022;['ICD10CM', 'ICD10GM', 'ICD10GM', 'ICD10GM', 'ICD10GM', 'ICD10GM', 'ICD10GM', 'ICD10GM', 'ICD10'];9.0;1.0;E66.9
1;I31.88;ICD10 2022;['ICD10GM', 'ICD10', 'ICD10CM'];3.0;1.0;I31.8
2;K86.84;ICD10 2022;['ICD10', 'ICD10CM', 'ICD10CM', 'ICD10CM', 'ICD10GM'];5.0;1.0;K86.8
3;UUU;ICD10 2021;['ICD10GM', 'ICD10GM', 'ICD10GM', 'ICD10GM', 'ICD10GM', 'ICD10GM', 'ICD10GM', 'ICD10GM', 'ICD10GM', 'ICD10GM', 'ICD10GM', 'ICD10GM', 'ICD10GM', 'ICD10GM', 'ICD10GM', 'ICD10GM', 'ICD10GM', 'ICD10GM', 'ICD10GM', 'ICD10GM', 'ICD10GM', 'ICD10GM', 'ICD10GM', 'ICD10GM', 'ICD10GM', 'ICD10GM', 'ICD10GM', 'ICD10GM', 'ICD10GM', 'ICD10GM', 'ICD10GM', 'ICD10GM', 'ICD10GM', 'ICD10GM', 'ICD10GM', 'ICD10GM', 'ICD10GM', 'ICD10GM', 'ICD10GM', 'ICD10GM', 'ICD10GM', 'ICD10GM', 'ICD10GM', 'ICD10GM', 'ICD10GM', 'ICD10GM', 'ICD10GM', 'ICD10GM', 'ICD10GM', 'ICD10GM', 'ICD10GM', 'ICD10GM', 'ICD10GM', 'ICD10GM', 'ICD10GM', 'ICD10GM', 'ICD10GM', 'ICD10GM', 'ICD10GM', 'ICD10GM', 'ICD10GM', 'ICD10GM', 'ICD10GM', 'ICD10GM', 'ICD10GM', 'ICD10GM', 'ICD10GM', 'ICD10GM', 'ICD10GM', 'ICD10GM', 'ICD10GM', 'ICD10GM', 'ICD10GM', 'ICD10GM', 'ICD10GM', 'ICD10GM', 'ICD10GM', 'ICD10GM', 'ICD10GM', 'ICD10GM', 'ICD10GM', 'ICD10GM', 'ICD10GM', 'ICD10GM', 'ICD10GM', 'ICD10GM', 'ICD10GM', 'ICD10GM', 'ICD10GM', 'ICD10GM', 'ICD10GM', 'ICD10GM', 'ICD10GM', 'ICD10GM', 'ICD10GM', 'ICD10GM', 'ICD10GM', 'ICD10GM', 'ICD10GM', 'ICD10GM'];373.0;2.0;U
4;E66.27;ICD10 2022;['ICD10GM', 'ICD10CM', 'ICD10', 'ICD10GM', 'ICD10GM', 'ICD10GM', 'ICD10GM', 'ICD10GM', 'ICD10GM'];9.0;1.0;E66.2
5;E66.86;ICD10 2022;['ICD10', 'ICD10CM', 'ICD10GM', 'ICD10GM', 'ICD10GM', 'ICD10GM', 'ICD10GM', 'ICD10GM', 'ICD10GM'];9.0;1.0;E66.8
6;E66.88;ICD10 2022;['ICD10', 'ICD10CM', 'ICD10GM', 'ICD10GM', 'ICD10GM', 'ICD10GM', 'ICD10GM', 'ICD10GM', 'ICD10GM'];9.0;1.0;E66.8
7;G99.00;ICD10 2022;['ICD10', 'ICD10CM', 'ICD10GM'];3.0;1.0;G99.0
8;J98.10;ICD10 2022;['ICD10', 'ICD10GM', 'ICD10CM', 'ICD10CM', 'ICD10CM'];5.0;1.0;J98.1
9;K31.10;ICD10 2022;['ICD10', 'ICD10CM', 'ICD10GM'];3.0;1.0;K31.1
10;N13.63;ICD10 2022;['ICD10GM', 'ICD10', 'ICD10CM'];3.0;1.0;N13.6
11;N13.64;ICD10 2022;['ICD10', 'ICD10GM', 'ICD10CM'];3.0;1.0;N13.6
12;U69.54;ICD10 2022;['ICD10GM', 'ICD10GM', 'ICD10GM', 'ICD10GM', 'ICD10GM', 'ICD10GM', 'ICD10GM', 'ICD10GM', 'ICD10GM', 'ICD10GM', 'ICD10GM', 'ICD10GM', 'ICD10GM', 'ICD10GM', 'ICD10GM', 'ICD10GM', 'ICD10GM', 'ICD10GM', 'ICD10GM', 'ICD10GM', 'ICD10GM', 'ICD10GM', 'ICD10GM'];23.0;2.0;U69.
13;044.9;ICD-9;['ICD10PCS', 'ICD10PCS', 'ICD10PCS', 'ICD10PCS', 'ICD10PCS', 'ICD10PCS', 'ICD10PCS', 'ICD10PCS', 'ICD10PCS', 'ICD10PCS', 'ICD10PCS', 'ICD10PCS', 'ICD10PCS', 'ICD10PCS', 'ICD10PCS', 'ICD10PCS', 'ICD10PCS', 'ICD10PCS', 'ICD10PCS', 'ICD10PCS', 'ICD10PCS', 'ICD10PCS', 'ICD10PCS', 'ICD10PCS', 'ICD10PCS', 'ICD10PCS', 'ICD10PCS', 'ICD10PCS', 'ICD10PCS', 'ICD10PCS', 'ICD10PCS', 'ICD10PCS', 'ICD10PCS', 'ICD10PCS', 'ICD10PCS', 'ICD10PCS', 'ICD10PCS', 'ICD10PCS', 'ICD10PCS', 'ICD10PCS', 'ICD10PCS', 'ICD10PCS', 'ICD10PCS', 'ICD10PCS', 'ICD10PCS', 'ICD10PCS', 'ICD10PCS', 'ICD10PCS', 'ICD10PCS', 'ICD10PCS', 'ICD10PCS', 'ICD10PCS', 'ICD10PCS', 'ICD10PCS', 'ICD10PCS', 'ICD10PCS', 'ICD10PCS', 'ICD10PCS', 'ICD10PCS', 'ICD10PCS', 'ICD10PCS', 'ICD10PCS', 'ICD10PCS', 'ICD10PCS', 'ICD10PCS', 'ICD10PCS', 'ICD10PCS', 'ICD10PCS', 'ICD10PCS', 'ICD10PCS', 'ICD10PCS', 'ICD10PCS', 'ICD10PCS', 'ICD10PCS', 'ICD10PCS', 'ICD10PCS', 'ICD10PCS', 'ICD10PCS', 'ICD10PCS', 'ICD10PCS', 'ICD10PCS', 'ICD10PCS', 'ICD10PCS', 'ICD10PCS', 'ICD10PCS', 'ICD10PCS', 'ICD10PCS', 'ICD10PCS', 'ICD10PCS', 'ICD10PCS', 'ICD10PCS', 'ICD10PCS', 'ICD10PCS', 'ICD10PCS', 'ICD10PCS', 'ICD10PCS', 'ICD10PCS', 'ICD10PCS', 'ICD10PCS', 'ICD10PCS'];10844.0;3.0;04
14;E66.98;ICD10 2022;['ICD10CM', 'ICD10', 'ICD10GM', 'ICD10GM', 'ICD10GM', 'ICD10GM', 'ICD10GM', 'ICD10GM', 'ICD10GM'];9.0;1.0;E66.9
15;G94.31;ICD10 2022;['ICD10', 'ICD10GM'];2.0;1.0;G94.3
16;I77.80;ICD10 2021;['ICD10CM', 'ICD10', 'ICD10CM', 'ICD10CM', 'ICD10CM', 'ICD10CM', 'ICD10CM', 'ICD10CM', 'ICD10GM'];9.0;1.0;I77.8
17;J36.0;ICD-10 V20;['ICD10CM', 'ICD10GM', 'ICD10'];3.0;2.0;J36
18;J98.12;ICD10 2022;['ICD10CM', 'ICD10CM', 'ICD10CM', 'ICD10GM', 'ICD10'];5.0;1.0;J98.1
19;K.07.2;ICD-10 V20;['ICD10CM', 'ICD10', 'ICD10', 'ICD10', 'ICD10', 'ICD10', 'ICD10', 'ICD10', 'ICD10', 'ICD10', 'ICD10', 'ICD10', 'ICD10', 'ICD10', 'ICD10', 'ICD10', 'ICD10', 'ICD10', 'ICD10', 'ICD10', 'ICD10', 'ICD10', 'ICD10', 'ICD10', 'ICD10', 'ICD10', 'ICD10', 'ICD10', 'ICD10', 'ICD10', 'ICD10', 'ICD10', 'ICD10', 'ICD10', 'ICD10', 'ICD10', 'ICD10', 'ICD10', 'ICD10', 'ICD10', 'ICD10', 'ICD10', 'ICD10', 'ICD10', 'ICD10', 'ICD10', 'ICD10', 'ICD10', 'ICD10', 'ICD10', 'ICD10', 'ICD10', 'ICD10', 'ICD10', 'ICD10', 'ICD10', 'ICD10', 'ICD10', 'ICD10', 'ICD10', 'ICD10', 'ICD10', 'ICD10', 'ICD10', 'ICD10', 'ICD10', 'ICD10', 'ICD10', 'ICD10', 'ICD10', 'ICD10', 'ICD10', 'ICD10', 'ICD10', 'ICD10', 'ICD10', 'ICD10', 'ICD10', 'ICD10', 'ICD10', 'ICD10', 'ICD10', 'ICD10', 'ICD10', 'ICD10', 'ICD10', 'ICD10', 'ICD10', 'ICD10', 'ICD10', 'ICD10', 'ICD10', 'ICD10', 'ICD10', 'ICD10', 'ICD10', 'ICD10', 'ICD10', 'ICD10', 'ICD10'];2275.0;5.0;K
20;K62.51;ICD10 2022;['ICD10', 'ICD10GM', 'ICD10CM'];3.0;1.0;K62.5
21;U69.55;ICD10 2022;['ICD10GM', 'ICD10GM', 'ICD10GM', 'ICD10GM', 'ICD10GM', 'ICD10GM', 'ICD10GM', 'ICD10GM', 'ICD10GM', 'ICD10GM', 'ICD10GM', 'ICD10GM', 'ICD10GM', 'ICD10GM', 'ICD10GM', 'ICD10GM', 'ICD10GM', 'ICD10GM', 'ICD10GM', 'ICD10GM', 'ICD10GM', 'ICD10GM', 'ICD10GM'];23.0;2.0;U69.
22;I77.80;ICD10 2022;['ICD10', 'ICD10CM', 'ICD10CM', 'ICD10CM', 'ICD10CM', 'ICD10CM', 'ICD10CM', 'ICD10CM', 'ICD10GM'];9.0;1.0;I77.8
23;K65.09;ICD10 2022;['ICD10', 'ICD10CM', 'ICD10GM'];3.0;1.0;K65.0
24;N13.20;ICD10 2022;['ICD10', 'ICD10CM', 'ICD10GM'];3.0;1.0;N13.2
25;S70.86;ICD10 2021;['ICD10', 'ICD10GM', 'ICD10GM', 'ICD10GM', 'ICD10GM', 'ICD10GM', 'ICD10GM'];7.0;1.0;S70.8
26;042.0;ICD-9;['ICD9CM'];1.0;2.0;042
27;H.17.8;ICD-10 V20;['ICD10PCS', 'ICD10PCS', 'ICD10PCS', 'ICD10PCS', 'ICD10PCS', 'ICD10PCS', 'ICD10PCS', 'ICD10PCS', 'ICD10PCS', 'ICD10PCS', 'ICD10PCS', 'ICD10PCS', 'ICD10PCS', 'ICD10PCS', 'ICD10PCS', 'ICD10PCS', 'ICD10PCS', 'ICD10PCS', 'ICD10PCS', 'ICD10PCS', 'ICD10PCS', 'ICD10PCS', 'ICD10PCS', 'ICD10PCS', 'ICD10PCS', 'ICD10PCS', 'ICD10PCS', 'ICD10PCS', 'ICD10PCS', 'ICD10PCS', 'ICD10PCS', 'ICD10PCS', 'ICD10PCS', 'ICD10PCS', 'ICD10PCS', 'ICD10PCS', 'ICD10PCS', 'ICD10PCS', 'ICD10PCS', 'ICD10PCS', 'ICD10PCS', 'ICD10PCS', 'ICD10PCS', 'ICD10PCS', 'ICD10PCS', 'ICD10PCS', 'ICD10PCS', 'ICD10PCS', 'ICD10PCS', 'ICD10PCS', 'ICD10PCS', 'ICD10PCS', 'ICD10PCS', 'ICD10PCS', 'ICD10PCS', 'ICD10PCS', 'ICD10PCS', 'ICD10PCS', 'ICD10PCS', 'ICD10PCS', 'ICD10PCS', 'ICD10PCS', 'ICD10PCS', 'ICD10PCS', 'ICD10PCS', 'ICD10PCS', 'ICD10PCS', 'ICD10PCS', 'ICD10PCS', 'ICD10PCS', 'ICD10PCS', 'ICD10PCS', 'ICD10PCS', 'ICD10PCS', 'ICD10PCS', 'ICD10PCS', 'ICD10PCS', 'ICD10PCS', 'ICD10PCS', 'ICD10PCS', 'ICD10PCS', 'ICD10PCS', 'ICD10PCS', 'ICD10PCS', 'ICD10PCS', 'ICD10PCS', 'ICD10PCS', 'ICD10PCS', 'ICD10PCS', 'ICD10PCS', 'ICD10PCS', 'ICD10PCS', 'ICD10PCS', 'ICD10PCS', 'ICD10PCS', 'ICD10PCS', 'ICD10PCS', 'ICD10PCS', 'ICD10PCS', 'ICD10PCS'];5455.0;5.0;H
28;ICD10;ICD-10;['ICD10', 'ICD10', 'ICD10', 'ICD10', 'ICD10', 'ICD10', 'ICD10', 'ICD10', 'ICD10', 'ICD10', 'ICD10', 'ICD10', 'ICD10', 'ICD10', 'ICD10', 'ICD10', 'ICD10', 'ICD10', 'ICD10', 'ICD10', 'ICD10', 'ICD10', 'ICD10', 'ICD10', 'ICD10', 'ICD10', 'ICD10', 'ICD10', 'ICD10', 'ICD10', 'ICD10', 'ICD10', 'ICD10', 'ICD10', 'ICD10', 'ICD10', 'ICD10', 'ICD10', 'ICD10', 'ICD10', 'ICD10', 'ICD10', 'ICD10', 'ICD10', 'ICD10', 'ICD10', 'ICD10', 'ICD10', 'ICD10', 'ICD10', 'ICD10', 'ICD10', 'ICD10', 'ICD10', 'ICD10', 'ICD10', 'ICD10', 'ICD10', 'ICD10', 'ICD10', 'ICD10', 'ICD10', 'ICD10', 'ICD10', 'ICD10', 'ICD10', 'ICD10', 'ICD10', 'ICD10', 'ICD10', 'ICD10', 'ICD10', 'ICD10', 'ICD10', 'ICD10', 'ICD10', 'ICD10', 'ICD10', 'ICD10', 'ICD10', 'ICD10', 'ICD10', 'ICD10', 'ICD10', 'ICD10', 'ICD10', 'ICD10', 'ICD10', 'ICD10', 'ICD10', 'ICD10', 'ICD10', 'ICD10', 'ICD10', 'ICD10', 'ICD10', 'ICD10', 'ICD10', 'ICD10', 'ICD10'];2841.0;4.0;I
29;INER ZWE;ICD-10 V20;['ICD10', 'ICD10GM', 'ICD10', 'ICD10', 'ICD10', 'ICD10', 'ICD10', 'ICD10', 'ICD10', 'ICD10', 'ICD10', 'ICD10', 'ICD10', 'ICD10', 'ICD10', 'ICD10', 'ICD10', 'ICD10', 'ICD10', 'ICD10', 'ICD10', 'ICD10', 'ICD10', 'ICD10', 'ICD10', 'ICD10', 'ICD10', 'ICD10', 'ICD10', 'ICD10', 'ICD10', 'ICD10', 'ICD10', 'ICD10', 'ICD10', 'ICD10', 'ICD10', 'ICD10', 'ICD10', 'ICD10', 'ICD10', 'ICD10', 'ICD10', 'ICD10', 'ICD10', 'ICD10', 'ICD10', 'ICD10', 'ICD10', 'ICD10', 'ICD10', 'ICD10', 'ICD10', 'ICD10', 'ICD10', 'ICD10', 'ICD10', 'ICD10', 'ICD10', 'ICD10', 'ICD10', 'ICD10', 'ICD10', 'ICD10', 'ICD10', 'ICD10', 'ICD10', 'ICD10', 'ICD10', 'ICD10', 'ICD10', 'ICD10', 'ICD10', 'ICD10', 'ICD10', 'ICD10', 'ICD10', 'ICD10', 'ICD10', 'ICD10', 'ICD10', 'ICD10', 'ICD10', 'ICD10', 'ICD10', 'ICD10', 'ICD10', 'ICD10', 'ICD10', 'ICD10', 'ICD10', 'ICD10', 'ICD10', 'ICD10', 'ICD10', 'ICD10', 'ICD10', 'ICD10', 'ICD10', 'ICD10'];2841.0;7.0;I
30;K72.18;ICD10 2022;['ICD10', 'ICD10CM', 'ICD10CM', 'ICD10CM', 'ICD10GM'];5.0;1.0;K72.1
31;N13.65;ICD10 2022;['ICD10CM', 'ICD10', 'ICD10GM'];3.0;1.0;N13.6
32;N99.10;ICD10 2022;['ICD10CM', 'ICD10', 'ICD10CM', 'ICD10CM', 'ICD10CM', 'ICD10CM', 'ICD10CM', 'ICD10CM', 'ICD10CM', 'ICD10CM', 'ICD10CM', 'ICD10GM'];12.0;1.0;N99.1
33;5-158.23;ICD-10 V20;['ICD9CM', 'ICD9CM', 'ICD9CM', 'ICD9CM', 'ICD9CM', 'ICD9CM', 'ICD9CM', 'ICD9CM', 'ICD9CM', 'ICD9CM', 'ICD9CM', 'ICD9CM', 'ICD9CM', 'ICD9CM', 'ICD9CM', 'ICD9CM', 'ICD9CM', 'ICD9CM', 'ICD9CM', 'ICD9CM', 'ICD9CM', 'ICD9CM', 'ICD9CM', 'ICD9CM', 'ICD9CM', 'ICD9CM', 'ICD9CM', 'ICD9CM', 'ICD9CM', 'ICD9CM', 'ICD9CM', 'ICD9CM', 'ICD9CM', 'ICD10PCS', 'ICD10PCS', 'ICD10PCS', 'ICD10PCS', 'ICD10PCS', 'ICD10PCS', 'ICD10PCS', 'ICD10PCS', 'ICD10PCS', 'ICD10PCS', 'ICD10PCS', 'ICD10PCS', 'ICD10PCS', 'ICD10PCS', 'ICD10PCS', 'ICD10PCS', 'ICD10PCS', 'ICD10PCS', 'ICD10PCS', 'ICD10PCS', 'ICD10PCS', 'ICD10PCS', 'ICD10PCS', 'ICD10PCS', 'ICD10PCS', 'ICD10PCS', 'ICD10PCS', 'ICD10PCS', 'ICD10PCS', 'ICD10PCS', 'ICD10PCS', 'ICD10PCS', 'ICD10PCS', 'ICD10PCS', 'ICD10PCS', 'ICD10PCS', 'ICD10PCS', 'ICD10PCS', 'ICD10PCS', 'ICD10PCS', 'ICD10PCS', 'ICD10PCS', 'ICD10PCS', 'ICD10PCS', 'ICD10PCS', 'ICD10PCS', 'ICD10PCS', 'ICD10PCS', 'ICD10PCS', 'ICD10PCS', 'ICD10PCS', 'ICD10PCS', 'ICD10PCS', 'ICD10PCS', 'ICD10PCS', 'ICD10PCS', 'ICD10PCS', 'ICD10PCS', 'ICD10PCS', 'ICD10PCS', 'ICD10PCS', 'ICD10PCS', 'ICD10PCS', 'ICD10PCS', 'ICD10PCS', 'ICD10PCS', 'ICD10PCS'];1574.0;7.0;5
34;G94.32;ICD10 2022;['ICD10', 'ICD10GM'];2.0;1.0;G94.3
35;J 35.8;ICD-10 V20;['ICD10CM', 'ICD10CM', 'ICD10CM', 'ICD10CM', 'ICD10CM', 'ICD10CM', 'ICD10CM', 'ICD10CM', 'ICD10CM', 'ICD10CM', 'ICD10CM', 'ICD10CM', 'ICD10CM', 'ICD10CM', 'ICD10CM', 'ICD10CM', 'ICD10CM', 'ICD10CM', 'ICD10CM', 'ICD10CM', 'ICD10CM', 'ICD10CM', 'ICD10CM', 'ICD10CM', 'ICD10CM', 'ICD10CM', 'ICD10CM', 'ICD10CM', 'ICD10CM', 'ICD10CM', 'ICD10CM', 'ICD10CM', 'ICD10CM', 'ICD10CM', 'ICD10CM', 'ICD10CM', 'ICD10CM', 'ICD10CM', 'ICD10CM', 'ICD10CM', 'ICD10CM', 'ICD10CM', 'ICD10CM', 'ICD10CM', 'ICD10CM', 'ICD10CM', 'ICD10CM', 'ICD10CM', 'ICD10CM', 'ICD10CM', 'ICD10CM', 'ICD10CM', 'ICD10CM', 'ICD10GM', 'ICD10GM', 'ICD10GM', 'ICD10GM', 'ICD10GM', 'ICD10GM', 'ICD10GM', 'ICD10GM', 'ICD10GM', 'ICD10GM', 'ICD10GM', 'ICD10GM', 'ICD10GM', 'ICD10GM', 'ICD10GM', 'ICD10GM', 'ICD10GM', 'ICD10GM', 'ICD10GM', 'ICD10GM', 'ICD10GM', 'ICD10GM', 'ICD10GM', 'ICD10GM', 'ICD10GM', 'ICD10GM', 'ICD10GM', 'ICD10GM', 'ICD10GM', 'ICD10GM', 'ICD10GM', 'ICD10GM', 'ICD10GM', 'ICD10GM', 'ICD10GM', 'ICD10GM', 'ICD10GM', 'ICD10GM', 'ICD10GM', 'ICD10GM', 'ICD10GM', 'ICD10GM', 'ICD10GM', 'ICD10GM', 'ICD10GM', 'ICD10GM', 'ICD10GM'];1092.0;5.0;J
36;J98.18;ICD10 2022;['ICD10', 'ICD10CM', 'ICD10CM', 'ICD10CM', 'ICD10GM'];5.0;1.0;J98.1
37;K31.18;ICD10 2022;['ICD10GM', 'ICD10CM', 'ICD10'];3.0;1.0;K31.1
38;K62.59;ICD10 2022;['ICD10CM', 'ICD10', 'ICD10GM'];3.0;1.0;K62.5
39;K70.48;ICD10 2022;['ICD10', 'ICD10CM', 'ICD10CM', 'ICD10CM', 'ICD10GM'];5.0;1.0;K70.4
40;N13.29;ICD10 2022;['ICD10GM', 'ICD10', 'ICD10CM'];3.0;1.0;N13.2
41;N13.60;ICD10 2022;['ICD10GM', 'ICD10CM', 'ICD10'];3.0;1.0;N13.6
42;STRUKTIO;ICD-10 V20;['ICD10CM', 'ICD10', 'ICD10', 'ICD10', 'ICD10', 'ICD10', 'ICD10', 'ICD10', 'ICD10', 'ICD10', 'ICD10', 'ICD10', 'ICD10', 'ICD10', 'ICD10', 'ICD10', 'ICD10', 'ICD10', 'ICD10', 'ICD10', 'ICD10', 'ICD10', 'ICD10', 'ICD10', 'ICD10', 'ICD10', 'ICD10', 'ICD10', 'ICD10', 'ICD10', 'ICD10', 'ICD10', 'ICD10', 'ICD10', 'ICD10', 'ICD10', 'ICD10', 'ICD10', 'ICD10', 'ICD10', 'ICD10', 'ICD10', 'ICD10', 'ICD10', 'ICD10', 'ICD10', 'ICD10', 'ICD10', 'ICD10', 'ICD10', 'ICD10', 'ICD10', 'ICD10', 'ICD10', 'ICD10', 'ICD10', 'ICD10', 'ICD10', 'ICD10', 'ICD10', 'ICD10', 'ICD10', 'ICD10', 'ICD10', 'ICD10', 'ICD10', 'ICD10', 'ICD10', 'ICD10', 'ICD10', 'ICD10', 'ICD10', 'ICD10', 'ICD10', 'ICD10', 'ICD10', 'ICD10', 'ICD10', 'ICD10', 'ICD10', 'ICD10', 'ICD10', 'ICD10', 'ICD10', 'ICD10', 'ICD10', 'ICD10', 'ICD10', 'ICD10', 'ICD10', 'ICD10', 'ICD10', 'ICD10', 'ICD10', 'ICD10', 'ICD10', 'ICD10', 'ICD10', 'ICD10', 'ICD10'];42166.0;7.0;S
43;042.9;ICD-9;['ICD9CM'];1.0;2.0;042
44;E 950;ICD-9;['ICD9CM', 'ICD10', 'ICD10', 'ICD10', 'ICD10', 'ICD10', 'ICD10', 'ICD10', 'ICD10', 'ICD10', 'ICD10', 'ICD10', 'ICD10', 'ICD10', 'ICD10', 'ICD10', 'ICD10', 'ICD10', 'ICD10', 'ICD10', 'ICD10', 'ICD10', 'ICD10', 'ICD10', 'ICD10', 'ICD10', 'ICD10', 'ICD10', 'ICD10', 'ICD10', 'ICD10', 'ICD10', 'ICD10', 'ICD10', 'ICD10', 'ICD10', 'ICD10', 'ICD10', 'ICD10', 'ICD10', 'ICD10', 'ICD10', 'ICD10', 'ICD10', 'ICD10', 'ICD10', 'ICD10', 'ICD10', 'ICD10', 'ICD10', 'ICD10', 'ICD10', 'ICD10', 'ICD10', 'ICD10', 'ICD10', 'ICD10', 'ICD10', 'ICD10', 'ICD10', 'ICD10', 'ICD10', 'ICD10', 'ICD10', 'ICD10', 'ICD10', 'ICD10', 'ICD10', 'ICD10', 'ICD10', 'ICD10', 'ICD10', 'ICD10', 'ICD10', 'ICD10', 'ICD10', 'ICD10', 'ICD10', 'ICD10', 'ICD10', 'ICD10', 'ICD10', 'ICD10', 'ICD10', 'ICD10', 'ICD10', 'ICD10', 'ICD10', 'ICD10', 'ICD10', 'ICD10', 'ICD10', 'ICD10', 'ICD10', 'ICD10', 'ICD10', 'ICD10', 'ICD10', 'ICD10', 'ICD10'];3666.0;4.0;E
45;I77.88;ICD10 2022;['ICD10', 'ICD10GM', 'ICD10CM', 'ICD10CM', 'ICD10CM', 'ICD10CM', 'ICD10CM', 'ICD10CM', 'ICD10CM'];9.0;1.0;I77.8
46;K65.00;ICD10 2021;['ICD10', 'ICD10CM', 'ICD10GM'];3.0;1.0;K65.0
47;U69.53;ICD10 2022;['ICD10GM', 'ICD10GM', 'ICD10GM', 'ICD10GM', 'ICD10GM', 'ICD10GM', 'ICD10GM', 'ICD10GM', 'ICD10GM', 'ICD10GM', 'ICD10GM', 'ICD10GM', 'ICD10GM', 'ICD10GM', 'ICD10GM', 'ICD10GM', 'ICD10GM', 'ICD10GM', 'ICD10GM', 'ICD10GM', 'ICD10GM', 'ICD10GM', 'ICD10GM'];23.0;2.0;U69.
48;UUU;ICD10 2012;['ICD10GM', 'ICD10', 'ICD10', 'ICD10', 'ICD10', 'ICD10', 'ICD10', 'ICD10', 'ICD10', 'ICD10', 'ICD10', 'ICD10', 'ICD10', 'ICD10', 'ICD10', 'ICD10', 'ICD10', 'ICD10', 'ICD10', 'ICD10', 'ICD10', 'ICD10', 'ICD10', 'ICD10', 'ICD10', 'ICD10', 'ICD10', 'ICD10', 'ICD10', 'ICD10', 'ICD10', 'ICD10', 'ICD10', 'ICD10', 'ICD10', 'ICD10', 'ICD10', 'ICD10', 'ICD10', 'ICD10', 'ICD10', 'ICD10', 'ICD10', 'ICD10', 'ICD10', 'ICD10', 'ICD10', 'ICD10', 'ICD10', 'ICD10', 'ICD10', 'ICD10', 'ICD10', 'ICD10', 'ICD10', 'ICD10', 'ICD10', 'ICD10', 'ICD10', 'ICD10', 'ICD10', 'ICD10', 'ICD10', 'ICD10', 'ICD10', 'ICD10', 'ICD10', 'ICD10', 'ICD10', 'ICD10', 'ICD10', 'ICD10', 'ICD10', 'ICD10', 'ICD10', 'ICD10', 'ICD10', 'ICD10', 'ICD10', 'ICD10', 'ICD10', 'ICD10', 'ICD10', 'ICD10', 'ICD10', 'ICD10', 'ICD10', 'ICD10', 'ICD10', 'ICD10', 'ICD10', 'ICD10', 'ICD10', 'ICD10', 'ICD10', 'ICD10', 'ICD10', 'ICD10', 'ICD10', 'ICD10'];373.0;2.0;U
49;H33-0;ICD-10 V20;['ICD10CM', 'ICD10CM', 'ICD10CM', 'ICD10CM', 'ICD10CM', 'ICD10CM', 'ICD10CM', 'ICD10CM', 'ICD10CM', 'ICD10CM', 'ICD10CM', 'ICD10CM', 'ICD10CM', 'ICD10CM', 'ICD10CM', 'ICD10CM', 'ICD10CM', 'ICD10CM', 'ICD10CM', 'ICD10CM', 'ICD10CM', 'ICD10CM', 'ICD10CM', 'ICD10CM', 'ICD10CM', 'ICD10CM', 'ICD10CM', 'ICD10CM', 'ICD10CM', 'ICD10CM', 'ICD10CM', 'ICD10CM', 'ICD10CM', 'ICD10CM', 'ICD10CM', 'ICD10CM', 'ICD10CM', 'ICD10CM', 'ICD10CM', 'ICD10CM', 'ICD10CM', 'ICD10CM', 'ICD10CM', 'ICD10CM', 'ICD10CM', 'ICD10CM', 'ICD10CM', 'ICD10CM', 'ICD10CM', 'ICD10CM', 'ICD10CM', 'ICD10CM', 'ICD10CM', 'ICD10CM', 'ICD10CM', 'ICD10CM', 'ICD10CM', 'ICD10CM', 'ICD10CM', 'ICD10CM', 'ICD10CM', 'ICD10CM', 'ICD10CM', 'ICD10CM', 'ICD10CM', 'ICD10CM', 'ICD10CM', 'ICD10CM', 'ICD10CM', 'ICD10CM', 'ICD10CM', 'ICD10CM', 'ICD10CM', 'ICD10CM', 'ICD10CM', 'ICD10CM', 'ICD10CM', 'ICD10CM', 'ICD10CM', 'ICD10CM', 'ICD10CM', 'ICD10CM', 'ICD10CM', 'ICD10CM', 'ICD10CM', 'ICD10', 'ICD10', 'ICD10', 'ICD10', 'ICD10', 'ICD10', 'ICD10', 'ICD10GM', 'ICD10GM', 'ICD10GM', 'ICD10GM', 'ICD10GM', 'ICD10GM', 'ICD10GM'];99.0;2.0;H33
50;J 35.0;ICD-10 V20;['ICD10', 'ICD10', 'ICD10', 'ICD10', 'ICD10', 'ICD10', 'ICD10', 'ICD10CM', 'ICD10', 'ICD10', 'ICD10', 'ICD10', 'ICD10', 'ICD10', 'ICD10', 'ICD10', 'ICD10', 'ICD10', 'ICD10', 'ICD10', 'ICD10', 'ICD10', 'ICD10', 'ICD10', 'ICD10', 'ICD10', 'ICD10', 'ICD10', 'ICD10', 'ICD10', 'ICD10', 'ICD10', 'ICD10', 'ICD10', 'ICD10', 'ICD10', 'ICD10', 'ICD10', 'ICD10', 'ICD10', 'ICD10', 'ICD10', 'ICD10', 'ICD10', 'ICD10', 'ICD10', 'ICD10', 'ICD10', 'ICD10', 'ICD10', 'ICD10', 'ICD10', 'ICD10', 'ICD10', 'ICD10', 'ICD10', 'ICD10', 'ICD10', 'ICD10', 'ICD10', 'ICD10', 'ICD10', 'ICD10', 'ICD10', 'ICD10', 'ICD10', 'ICD10', 'ICD10', 'ICD10', 'ICD10', 'ICD10', 'ICD10', 'ICD10', 'ICD10', 'ICD10', 'ICD10', 'ICD10', 'ICD10', 'ICD10', 'ICD10', 'ICD10', 'ICD10', 'ICD10', 'ICD10', 'ICD10', 'ICD10', 'ICD10', 'ICD10', 'ICD10', 'ICD10', 'ICD10', 'ICD10', 'ICD10', 'ICD10', 'ICD10', 'ICD10', 'ICD10', 'ICD10', 'ICD10', 'ICD10'];1092.0;5.0;J
51;K83.08;ICD10 2022;['ICD10', 'ICD10CM', 'ICD10CM', 'ICD10CM', 'ICD10GM'];5.0;1.0;K83.0
52;K86.82;ICD10 2022;['ICD10', 'ICD10CM', 'ICD10CM', 'ICD10CM', 'ICD10GM'];5.0;1.0;K86.8
53;K86.88;ICD10 2022;['ICD10CM', 'ICD10CM', 'ICD10CM', 'ICD10GM', 'ICD10'];5.0;1.0;K86.8
54;R35.2;ICD10 2022;['ICD10CM', 'ICD10CM', 'ICD10CM', 'ICD10CM', 'ICD10CM'];5.0;1.0;R35.
55;T08.X0;ICD-10;['ICD10GM', 'ICD10', 'ICD10', 'ICD10GM', 'ICD10GM', 'ICD10GM'];6.0;2.0;T08.
56;U13.2;ICD10 2021;['ICD10'];1.0;1.0;U13.
57;043.3;ICD-9;['ICD10PCS', 'ICD10PCS', 'ICD10PCS', 'ICD10PCS', 'ICD10PCS', 'ICD10PCS', 'ICD10PCS', 'ICD10PCS', 'ICD10PCS', 'ICD10PCS', 'ICD10PCS', 'ICD10PCS', 'ICD10PCS', 'ICD10PCS', 'ICD10PCS', 'ICD10PCS', 'ICD10PCS', 'ICD10PCS', 'ICD10PCS', 'ICD10PCS', 'ICD10PCS', 'ICD10PCS', 'ICD10PCS', 'ICD10PCS', 'ICD10PCS', 'ICD10PCS', 'ICD10PCS', 'ICD10PCS', 'ICD10PCS', 'ICD10PCS', 'ICD10PCS', 'ICD10PCS', 'ICD10PCS', 'ICD10PCS', 'ICD10PCS', 'ICD10PCS', 'ICD10PCS', 'ICD10PCS', 'ICD10PCS', 'ICD10PCS', 'ICD10PCS', 'ICD10PCS', 'ICD10PCS', 'ICD10PCS', 'ICD10PCS', 'ICD10PCS', 'ICD10PCS', 'ICD10PCS', 'ICD10PCS', 'ICD10PCS', 'ICD10PCS', 'ICD10PCS', 'ICD10PCS', 'ICD10PCS', 'ICD10PCS', 'ICD10PCS', 'ICD10PCS', 'ICD10PCS', 'ICD10PCS', 'ICD10PCS', 'ICD10PCS', 'ICD10PCS', 'ICD10PCS', 'ICD10PCS', 'ICD10PCS', 'ICD10PCS', 'ICD10PCS', 'ICD10PCS', 'ICD10PCS', 'ICD10PCS', 'ICD10PCS', 'ICD10PCS', 'ICD10PCS', 'ICD10PCS', 'ICD10PCS', 'ICD10PCS', 'ICD10PCS', 'ICD10PCS', 'ICD10PCS', 'ICD10PCS', 'ICD10PCS', 'ICD10PCS', 'ICD10PCS', 'ICD10PCS', 'ICD10PCS', 'ICD10PCS', 'ICD10PCS', 'ICD10PCS', 'ICD10PCS', 'ICD10PCS', 'ICD10PCS', 'ICD10PCS', 'ICD10PCS', 'ICD10PCS', 'ICD10PCS', 'ICD10PCS', 'ICD10PCS', 'ICD10PCS', 'ICD10PCS', 'ICD10PCS'];10844.0;3.0;4
58;E66.07;ICD10 2022;['ICD10CM', 'ICD10', 'ICD10CM', 'ICD10CM', 'ICD10GM', 'ICD10GM', 'ICD10GM', 'ICD10GM', 'ICD10GM', 'ICD10GM', 'ICD10GM'];11.0;1.0;E66.0
59;E66.26;ICD10 2022;['ICD10CM', 'ICD10', 'ICD10GM', 'ICD10GM', 'ICD10GM', 'ICD10GM', 'ICD10GM', 'ICD10GM', 'ICD10GM'];9.0;1.0;E66.2
60;H35.39;ICD10 2021;['ICD10', 'ICD10GM', 'ICD10GM', 'ICD10GM', 'ICD10GM', 'ICD10CM', 'ICD10CM', 'ICD10CM', 'ICD10CM', 'ICD10CM', 'ICD10CM', 'ICD10CM', 'ICD10CM', 'ICD10CM', 'ICD10CM', 'ICD10CM', 'ICD10CM', 'ICD10CM', 'ICD10CM', 'ICD10CM', 'ICD10CM', 'ICD10CM', 'ICD10CM', 'ICD10CM', 'ICD10CM', 'ICD10CM', 'ICD10CM', 'ICD10CM', 'ICD10CM', 'ICD10CM', 'ICD10CM', 'ICD10CM', 'ICD10CM', 'ICD10CM', 'ICD10CM', 'ICD10CM', 'ICD10CM', 'ICD10CM', 'ICD10CM', 'ICD10CM', 'ICD10CM', 'ICD10CM', 'ICD10CM', 'ICD10CM', 'ICD10CM', 'ICD10CM', 'ICD10CM', 'ICD10CM', 'ICD10CM', 'ICD10CM', 'ICD10CM', 'ICD10CM', 'ICD10CM', 'ICD10CM', 'ICD10CM', 'ICD10CM', 'ICD10CM', 'ICD10CM', 'ICD10CM', 'ICD10CM', 'ICD10CM', 'ICD10CM', 'ICD10CM', 'ICD10CM', 'ICD10CM', 'ICD10CM', 'ICD10CM', 'ICD10CM', 'ICD10CM', 'ICD10CM', 'ICD10CM', 'ICD10CM', 'ICD10CM', 'ICD10CM', 'ICD10CM', 'ICD10CM', 'ICD10CM', 'ICD10CM', 'ICD10CM'];79.0;1.0;H35.3
61;I77.88;ICD10 2021;['ICD10CM', 'ICD10', 'ICD10CM', 'ICD10CM', 'ICD10CM', 'ICD10CM', 'ICD10CM', 'ICD10CM', 'ICD10GM'];9.0;1.0;I77.8
62;K83.00;ICD10 2022;['ICD10', 'ICD10CM', 'ICD10CM', 'ICD10CM', 'ICD10GM'];5.0;1.0;K83.0
63;NKS.8;ICD-10 V20;['ICD10GM', 'ICD10', 'ICD10', 'ICD10', 'ICD10', 'ICD10', 'ICD10', 'ICD10', 'ICD10', 'ICD10', 'ICD10', 'ICD10', 'ICD10', 'ICD10', 'ICD10', 'ICD10', 'ICD10', 'ICD10', 'ICD10', 'ICD10', 'ICD10', 'ICD10', 'ICD10', 'ICD10', 'ICD10', 'ICD10', 'ICD10', 'ICD10', 'ICD10', 'ICD10', 'ICD10', 'ICD10', 'ICD10', 'ICD10', 'ICD10', 'ICD10', 'ICD10', 'ICD10', 'ICD10', 'ICD10', 'ICD10', 'ICD10', 'ICD10', 'ICD10', 'ICD10', 'ICD10', 'ICD10', 'ICD10', 'ICD10', 'ICD10', 'ICD10', 'ICD10', 'ICD10', 'ICD10', 'ICD10', 'ICD10', 'ICD10', 'ICD10', 'ICD10', 'ICD10', 'ICD10', 'ICD10', 'ICD10', 'ICD10', 'ICD10', 'ICD10', 'ICD10', 'ICD10', 'ICD10', 'ICD10', 'ICD10', 'ICD10', 'ICD10', 'ICD10', 'ICD10', 'ICD10', 'ICD10', 'ICD10', 'ICD10', 'ICD10', 'ICD10', 'ICD10', 'ICD10', 'ICD10', 'ICD10', 'ICD10', 'ICD10', 'ICD10', 'ICD10', 'ICD10', 'ICD10', 'ICD10', 'ICD10', 'ICD10', 'ICD10', 'ICD10', 'ICD10', 'ICD10', 'ICD10', 'ICD10'];1949.0;4.0;N
64;U69.52;ICD10 2022;['ICD10GM', 'ICD10GM', 'ICD10GM', 'ICD10GM', 'ICD10GM', 'ICD10GM', 'ICD10GM', 'ICD10GM', 'ICD10GM', 'ICD10GM', 'ICD10GM', 'ICD10GM', 'ICD10GM', 'ICD10GM', 'ICD10GM', 'ICD10GM', 'ICD10GM', 'ICD10GM', 'ICD10GM', 'ICD10GM', 'ICD10GM', 'ICD10GM', 'ICD10GM'];23.0;2.0;U69.
65;043.1;ICD-9;['ICD10PCS', 'ICD10PCS', 'ICD10PCS', 'ICD10PCS', 'ICD10PCS', 'ICD10PCS', 'ICD10PCS', 'ICD10PCS', 'ICD10PCS', 'ICD10PCS', 'ICD10PCS', 'ICD10PCS', 'ICD10PCS', 'ICD10PCS', 'ICD10PCS', 'ICD10PCS', 'ICD10PCS', 'ICD10PCS', 'ICD10PCS', 'ICD10PCS', 'ICD10PCS', 'ICD10PCS', 'ICD10PCS', 'ICD10PCS', 'ICD10PCS', 'ICD10PCS', 'ICD10PCS', 'ICD10PCS', 'ICD10PCS', 'ICD10PCS', 'ICD10PCS', 'ICD10PCS', 'ICD10PCS', 'ICD10PCS', 'ICD10PCS', 'ICD10PCS', 'ICD10PCS', 'ICD10PCS', 'ICD10PCS', 'ICD10PCS', 'ICD10PCS', 'ICD10PCS', 'ICD10PCS', 'ICD10PCS', 'ICD10PCS', 'ICD10PCS', 'ICD10PCS', 'ICD10PCS', 'ICD10PCS', 'ICD10PCS', 'ICD10PCS', 'ICD10PCS', 'ICD10PCS', 'ICD10PCS', 'ICD10PCS', 'ICD10PCS', 'ICD10PCS', 'ICD10PCS', 'ICD10PCS', 'ICD10PCS', 'ICD10PCS', 'ICD10PCS', 'ICD10PCS', 'ICD10PCS', 'ICD10PCS', 'ICD10PCS', 'ICD10PCS', 'ICD10PCS', 'ICD10PCS', 'ICD10PCS', 'ICD10PCS', 'ICD10PCS', 'ICD10PCS', 'ICD10PCS', 'ICD10PCS', 'ICD10PCS', 'ICD10PCS', 'ICD10PCS', 'ICD10PCS', 'ICD10PCS', 'ICD10PCS', 'ICD10PCS', 'ICD10PCS', 'ICD10PCS', 'ICD10PCS', 'ICD10PCS', 'ICD10PCS', 'ICD10PCS', 'ICD10PCS', 'ICD10PCS', 'ICD10PCS', 'ICD10PCS', 'ICD10PCS', 'ICD10PCS', 'ICD10PCS', 'ICD10PCS', 'ICD10PCS', 'ICD10PCS', 'ICD10PCS', 'ICD10PCS'];10844.0;3.0;04
66;D18.051;ICD-10 V20;['ICD10GM'];1.0;1.0;D18.05
67;I31.80;ICD10 2022;['ICD10GM', 'ICD10', 'ICD10CM'];3.0;1.0;I31.8
68;K62.50;ICD10 2022;['ICD10', 'ICD10CM', 'ICD10GM'];3.0;1.0;K62.5
69;K70.42;ICD10 2022;['ICD10GM', 'ICD10', 'ICD10CM', 'ICD10CM', 'ICD10CM'];5.0;1.0;K70.4
70;K86.83;ICD10 2022;['ICD10CM', 'ICD10', 'ICD10CM', 'ICD10CM', 'ICD10GM'];5.0;1.0;K86.8
71;N13.21;ICD10 2022;['ICD10CM', 'ICD10', 'ICD10GM'];3.0;1.0;N13.2
72;U69.51;ICD10 2022;['ICD10GM', 'ICD10GM', 'ICD10GM', 'ICD10GM', 'ICD10GM', 'ICD10GM', 'ICD10GM', 'ICD10GM', 'ICD10GM', 'ICD10GM', 'ICD10GM', 'ICD10GM', 'ICD10GM', 'ICD10GM', 'ICD10GM', 'ICD10GM', 'ICD10GM', 'ICD10GM', 'ICD10GM', 'ICD10GM', 'ICD10GM', 'ICD10GM', 'ICD10GM'];23.0;2.0;U69.
73; ;;['ICD10GM', 'ICD10', 'ICD10', 'ICD10', 'ICD10', 'ICD10', 'ICD10', 'ICD10', 'ICD10GM', 'ICD10', 'ICD10', 'ICD10', 'ICD10', 'ICD10', 'ICD10', 'ICD10', 'ICD10', 'ICD10', 'ICD10', 'ICD10', 'ICD10', 'ICD10', 'ICD10', 'ICD10', 'ICD10', 'ICD10', 'ICD10', 'ICD10', 'ICD10', 'ICD10', 'ICD10', 'ICD10', 'ICD10', 'ICD10', 'ICD10', 'ICD10', 'ICD10', 'ICD10', 'ICD10', 'ICD10', 'ICD10', 'ICD10', 'ICD10', 'ICD10', 'ICD10', 'ICD10', 'ICD10', 'ICD10', 'ICD10', 'ICD10', 'ICD10', 'ICD10', 'ICD10', 'ICD10', 'ICD10', 'ICD10', 'ICD10', 'ICD10', 'ICD10', 'ICD10', 'ICD10', 'ICD10', 'ICD10', 'ICD10', 'ICD10', 'ICD10', 'ICD10', 'ICD10', 'ICD10', 'ICD10', 'ICD10', 'ICD10', 'ICD10', 'ICD10', 'ICD10', 'ICD10', 'ICD10', 'ICD10', 'ICD10', 'ICD10', 'ICD10', 'ICD10', 'ICD10', 'ICD10', 'ICD10', 'ICD10', 'ICD10', 'ICD10', 'ICD10', 'ICD10', 'ICD10', 'ICD10', 'ICD10', 'ICD10', 'ICD10', 'ICD10', 'ICD10', 'ICD10', 'ICD10', 'ICD10'];347525.0;1.0;
74; ;ICD10 2004;['ICD10', 'ICD10', 'ICD10', 'ICD10GM', 'ICD10GM', 'ICD10', 'ICD10', 'ICD10', 'ICD10', 'ICD10', 'ICD10', 'ICD10', 'ICD10', 'ICD10', 'ICD10', 'ICD10', 'ICD10', 'ICD10', 'ICD10', 'ICD10', 'ICD10', 'ICD10', 'ICD10', 'ICD10', 'ICD10', 'ICD10', 'ICD10', 'ICD10', 'ICD10', 'ICD10', 'ICD10', 'ICD10', 'ICD10', 'ICD10', 'ICD10', 'ICD10', 'ICD10', 'ICD10', 'ICD10', 'ICD10', 'ICD10', 'ICD10', 'ICD10', 'ICD10', 'ICD10', 'ICD10', 'ICD10', 'ICD10', 'ICD10', 'ICD10', 'ICD10', 'ICD10', 'ICD10', 'ICD10', 'ICD10', 'ICD10', 'ICD10', 'ICD10', 'ICD10', 'ICD10', 'ICD10', 'ICD10', 'ICD10', 'ICD10', 'ICD10', 'ICD10', 'ICD10', 'ICD10', 'ICD10', 'ICD10', 'ICD10', 'ICD10', 'ICD10', 'ICD10', 'ICD10', 'ICD10', 'ICD10', 'ICD10', 'ICD10', 'ICD10', 'ICD10', 'ICD10', 'ICD10', 'ICD10', 'ICD10', 'ICD10', 'ICD10', 'ICD10', 'ICD10', 'ICD10', 'ICD10', 'ICD10', 'ICD10', 'ICD10', 'ICD10', 'ICD10', 'ICD10', 'ICD10', 'ICD10', 'ICD10'];347525.0;1.0;
75;042.1;ICD-9;['ICD9CM'];1.0;2.0;042
76;042.2;ICD-9;['ICD9CM'];1.0;2.0;042
77;E66.06;ICD10 2022;['ICD10CM', 'ICD10', 'ICD10CM', 'ICD10CM', 'ICD10GM', 'ICD10GM', 'ICD10GM', 'ICD10GM', 'ICD10GM', 'ICD10GM', 'ICD10GM'];11.0;1.0;E66.0
78;G94.30;ICD10 2022;['ICD10', 'ICD10GM'];2.0;1.0;G94.3
79;G94.39;ICD10 2022;['ICD10', 'ICD10GM'];2.0;1.0;G94.3
80;K31.11;ICD10 2022;['ICD10', 'ICD10CM', 'ICD10GM'];3.0;1.0;K31.1
81;K31.12;ICD10 2022;['ICD10GM', 'ICD10', 'ICD10CM'];3.0;1.0;K31.1
82;K65.09;ICD10 2021;['ICD10', 'ICD10CM', 'ICD10GM'];3.0;1.0;K65.0
83;M9391/3;ICD-9;['ICD10GM', 'ICD10GM', 'ICD10GM', 'ICD10GM', 'ICD10GM', 'ICD10GM', 'ICD10GM', 'ICD10GM', 'ICD10GM', 'ICD10GM', 'ICD10GM', 'ICD10GM', 'ICD10GM', 'ICD10GM', 'ICD10GM', 'ICD10GM', 'ICD10GM', 'ICD10GM', 'ICD10GM', 'ICD10GM', 'ICD10GM', 'ICD10GM', 'ICD10GM', 'ICD10GM', 'ICD10GM', 'ICD10GM', 'ICD10', 'ICD10', 'ICD10', 'ICD10', 'ICD10', 'ICD10', 'ICD10CM', 'ICD10CM', 'ICD10CM', 'ICD10CM', 'ICD10CM', 'ICD10CM', 'ICD10CM', 'ICD10CM', 'ICD10CM', 'ICD10CM', 'ICD10CM', 'ICD10CM', 'ICD10CM', 'ICD10CM', 'ICD10CM', 'ICD10CM', 'ICD10CM', 'ICD10CM', 'ICD10CM', 'ICD10CM', 'ICD10CM', 'ICD10CM', 'ICD10CM', 'ICD10CM', 'ICD10CM', 'ICD10CM', 'ICD10CM', 'ICD10CM', 'ICD10CM', 'ICD10CM', 'ICD10CM', 'ICD10CM', 'ICD10CM', 'ICD10CM', 'ICD10CM', 'ICD10CM', 'ICD10CM', 'ICD10CM', 'ICD10CM', 'ICD10CM', 'ICD10CM', 'ICD10CM', 'ICD10CM', 'ICD10CM', 'ICD10CM', 'ICD10CM', 'ICD10CM', 'ICD10CM', 'ICD10CM', 'ICD10CM', 'ICD10CM', 'ICD10CM', 'ICD10CM', 'ICD10CM', 'ICD10CM', 'ICD10CM', 'ICD10CM', 'ICD10CM', 'ICD10CM', 'ICD10CM', 'ICD10CM', 'ICD10CM', 'ICD10CM', 'ICD10CM', 'ICD10CM', 'ICD10CM', 'ICD10CM', 'ICD10CM'];147.0;4.0;M93
84;N13.61;ICD10 2022;['ICD10', 'ICD10GM', 'ICD10CM'];3.0;1.0;N13.6
85;N99.18;ICD10 2022;['ICD10CM', 'ICD10CM', 'ICD10CM', 'ICD10CM', 'ICD10CM', 'ICD10CM', 'ICD10CM', 'ICD10CM', 'ICD10CM', 'ICD10CM', 'ICD10', 'ICD10GM'];12.0;1.0;N99.1
86;U69.6;ICD10 2022;['ICD10GM', 'ICD10GM', 'ICD10GM', 'ICD10GM', 'ICD10GM', 'ICD10GM', 'ICD10GM', 'ICD10GM', 'ICD10GM', 'ICD10GM', 'ICD10GM', 'ICD10GM', 'ICD10GM', 'ICD10GM', 'ICD10GM', 'ICD10GM', 'ICD10GM', 'ICD10GM', 'ICD10GM', 'ICD10GM', 'ICD10GM', 'ICD10GM', 'ICD10GM'];23.0;1.0;U69.
87;UUU;ICD10 2022;['ICD10CM', 'ICD10CM', 'ICD10CM', 'ICD10CM', 'ICD10CM', 'ICD10GM', 'ICD10GM', 'ICD10GM', 'ICD10GM', 'ICD10GM', 'ICD10GM', 'ICD10GM', 'ICD10GM', 'ICD10GM', 'ICD10GM', 'ICD10GM', 'ICD10GM', 'ICD10GM', 'ICD10GM', 'ICD10GM', 'ICD10GM', 'ICD10GM', 'ICD10GM', 'ICD10GM', 'ICD10GM', 'ICD10GM', 'ICD10GM', 'ICD10GM', 'ICD10GM', 'ICD10GM', 'ICD10GM', 'ICD10GM', 'ICD10GM', 'ICD10GM', 'ICD10GM', 'ICD10GM', 'ICD10GM', 'ICD10GM', 'ICD10GM', 'ICD10GM', 'ICD10GM', 'ICD10GM', 'ICD10GM', 'ICD10GM', 'ICD10GM', 'ICD10GM', 'ICD10GM', 'ICD10GM', 'ICD10GM', 'ICD10GM', 'ICD10GM', 'ICD10GM', 'ICD10GM', 'ICD10GM', 'ICD10GM', 'ICD10GM', 'ICD10GM', 'ICD10GM', 'ICD10GM', 'ICD10GM', 'ICD10GM', 'ICD10GM', 'ICD10GM', 'ICD10GM', 'ICD10GM', 'ICD10GM', 'ICD10GM', 'ICD10GM', 'ICD10GM', 'ICD10GM', 'ICD10GM', 'ICD10GM', 'ICD10GM', 'ICD10GM', 'ICD10GM', 'ICD10GM', 'ICD10GM', 'ICD10GM', 'ICD10GM', 'ICD10GM', 'ICD10GM', 'ICD10GM', 'ICD10GM', 'ICD10GM', 'ICD10GM', 'ICD10GM', 'ICD10GM', 'ICD10GM', 'ICD10GM', 'ICD10GM', 'ICD10GM', 'ICD10GM', 'ICD10GM', 'ICD10GM', 'ICD10GM', 'ICD10GM', 'ICD10GM', 'ICD10GM', 'ICD10GM', 'ICD10GM'];373.0;2.0;U
88;V30.-;ICD-9;['ICD10', 'ICD10', 'ICD10', 'ICD10', 'ICD10', 'ICD10', 'ICD10', 'ICD10', 'ICD10', 'ICD10CM', 'ICD10CM', 'ICD10CM', 'ICD10CM', 'ICD10CM', 'ICD10CM', 'ICD10CM', 'ICD10CM', 'ICD10CM', 'ICD10CM', 'ICD10CM', 'ICD10CM', 'ICD10CM', 'ICD10CM', 'ICD10CM', 'ICD10CM', 'ICD10CM', 'ICD10CM', 'ICD10CM', 'ICD10CM', 'ICD10CM', 'ICD10CM', 'ICD10CM', 'ICD10CM', 'ICD10CM', 'ICD10CM', 'ICD10CM', 'ICD10CM', 'ICD10CM', 'ICD10CM', 'ICD10CM', 'ICD10CM', 'ICD10CM', 'ICD10CM', 'ICD10CM', 'ICD10CM', 'ICD9CM', 'ICD9CM', 'ICD9CM', 'ICD9CM', 'ICD9CM'];50.0;1.0;V30.
89;E66.87;ICD10 2022;['ICD10', 'ICD10CM', 'ICD10GM', 'ICD10GM', 'ICD10GM', 'ICD10GM', 'ICD10GM', 'ICD10GM', 'ICD10GM'];9.0;1.0;E66.8
90;N13.62;ICD10 2022;['ICD10', 'ICD10CM', 'ICD10GM'];3.0;1.0;N13.6
91;N13.66;ICD10 2022;['ICD10', 'ICD10CM', 'ICD10GM'];3.0;1.0;N13.6
92;T08.X0;ICD-10 V20;['ICD10', 'ICD10', 'ICD10GM', 'ICD10GM', 'ICD10GM', 'ICD10GM'];6.0;2.0;T08.
93;U69.50;ICD10 2022;['ICD10GM', 'ICD10GM', 'ICD10GM', 'ICD10GM', 'ICD10GM', 'ICD10GM', 'ICD10GM', 'ICD10GM', 'ICD10GM', 'ICD10GM', 'ICD10GM', 'ICD10GM', 'ICD10GM', 'ICD10GM', 'ICD10GM', 'ICD10GM', 'ICD10GM', 'ICD10GM', 'ICD10GM', 'ICD10GM', 'ICD10GM', 'ICD10GM', 'ICD10GM'];23.0;2.0;U69.
94;043.2;ICD-9;['ICD10PCS', 'ICD10PCS', 'ICD10PCS', 'ICD10PCS', 'ICD10PCS', 'ICD10PCS', 'ICD10PCS', 'ICD10PCS', 'ICD10PCS', 'ICD10PCS', 'ICD10PCS', 'ICD10PCS', 'ICD10PCS', 'ICD10PCS', 'ICD10PCS', 'ICD10PCS', 'ICD10PCS', 'ICD10PCS', 'ICD10PCS', 'ICD10PCS', 'ICD10PCS', 'ICD10PCS', 'ICD10PCS', 'ICD10PCS', 'ICD10PCS', 'ICD10PCS', 'ICD10PCS', 'ICD10PCS', 'ICD10PCS', 'ICD10PCS', 'ICD10PCS', 'ICD10PCS', 'ICD10PCS', 'ICD10PCS', 'ICD10PCS', 'ICD10PCS', 'ICD10PCS', 'ICD10PCS', 'ICD10PCS', 'ICD10PCS', 'ICD10PCS', 'ICD10PCS', 'ICD10PCS', 'ICD10PCS', 'ICD10PCS', 'ICD10PCS', 'ICD10PCS', 'ICD10PCS', 'ICD10PCS', 'ICD10PCS', 'ICD10PCS', 'ICD10PCS', 'ICD10PCS', 'ICD10PCS', 'ICD10PCS', 'ICD10PCS', 'ICD10PCS', 'ICD10PCS', 'ICD10PCS', 'ICD10PCS', 'ICD10PCS', 'ICD10PCS', 'ICD10PCS', 'ICD10PCS', 'ICD10PCS', 'ICD10PCS', 'ICD10PCS', 'ICD10PCS', 'ICD10PCS', 'ICD10PCS', 'ICD10PCS', 'ICD10PCS', 'ICD10PCS', 'ICD10PCS', 'ICD10PCS', 'ICD10PCS', 'ICD10PCS', 'ICD10PCS', 'ICD10PCS', 'ICD10PCS', 'ICD10PCS', 'ICD10PCS', 'ICD10PCS', 'ICD10PCS', 'ICD10PCS', 'ICD10PCS', 'ICD10PCS', 'ICD10PCS', 'ICD10PCS', 'ICD10PCS', 'ICD10PCS', 'ICD10PCS', 'ICD10PCS', 'ICD10PCS', 'ICD10PCS', 'ICD10PCS', 'ICD10PCS', 'ICD10PCS', 'ICD10PCS', 'ICD10PCS'];10844.0;3.0;04
95;540-543;ICD-9;['ICD9CM', 'ICD9CM', 'ICD9CM', 'ICD9CM'];4.0;4.0;540
96;E66.08;ICD10 2022;['ICD10', 'ICD10CM', 'ICD10CM', 'ICD10CM', 'ICD10GM', 'ICD10GM', 'ICD10GM', 'ICD10GM', 'ICD10GM', 'ICD10GM', 'ICD10GM'];11.0;1.0;E66.0
97;E66.28;ICD10 2022;['ICD10GM', 'ICD10', 'ICD10CM', 'ICD10GM', 'ICD10GM', 'ICD10GM', 'ICD10GM', 'ICD10GM', 'ICD10GM'];9.0;1.0;E66.2
98;H35.39;ICD10 2022;['ICD10', 'ICD10GM', 'ICD10GM', 'ICD10GM', 'ICD10GM', 'ICD10CM', 'ICD10CM', 'ICD10CM', 'ICD10CM', 'ICD10CM', 'ICD10CM', 'ICD10CM', 'ICD10CM', 'ICD10CM', 'ICD10CM', 'ICD10CM', 'ICD10CM', 'ICD10CM', 'ICD10CM', 'ICD10CM', 'ICD10CM', 'ICD10CM', 'ICD10CM', 'ICD10CM', 'ICD10CM', 'ICD10CM', 'ICD10CM', 'ICD10CM', 'ICD10CM', 'ICD10CM', 'ICD10CM', 'ICD10CM', 'ICD10CM', 'ICD10CM', 'ICD10CM', 'ICD10CM', 'ICD10CM', 'ICD10CM', 'ICD10CM', 'ICD10CM', 'ICD10CM', 'ICD10CM', 'ICD10CM', 'ICD10CM', 'ICD10CM', 'ICD10CM', 'ICD10CM', 'ICD10CM', 'ICD10CM', 'ICD10CM', 'ICD10CM', 'ICD10CM', 'ICD10CM', 'ICD10CM', 'ICD10CM', 'ICD10CM', 'ICD10CM', 'ICD10CM', 'ICD10CM', 'ICD10CM', 'ICD10CM', 'ICD10CM', 'ICD10CM', 'ICD10CM', 'ICD10CM', 'ICD10CM', 'ICD10CM', 'ICD10CM', 'ICD10CM', 'ICD10CM', 'ICD10CM', 'ICD10CM', 'ICD10CM', 'ICD10CM', 'ICD10CM', 'ICD10CM', 'ICD10CM', 'ICD10CM', 'ICD10CM'];79.0;1.0;H35.3
99;K65.00;ICD10 2022;['ICD10', 'ICD10CM', 'ICD10GM'];3.0;1.0;K65.0
100;N13.68;ICD10 2022;['ICD10CM', 'ICD10', 'ICD10GM'];3.0;1.0;N13.6
101;S;ICD-10 V20;['ICD10', 'ICD10GM', 'ICD10', 'ICD10', 'ICD10', 'ICD10', 'ICD10', 'ICD10', 'ICD10', 'ICD10', 'ICD10', 'ICD10GM', 'ICD10', 'ICD10', 'ICD10', 'ICD10', 'ICD10', 'ICD10', 'ICD10', 'ICD10', 'ICD10', 'ICD10', 'ICD10', 'ICD10', 'ICD10', 'ICD10', 'ICD10', 'ICD10', 'ICD10', 'ICD10', 'ICD10', 'ICD10', 'ICD10', 'ICD10', 'ICD10', 'ICD10', 'ICD10', 'ICD10', 'ICD10', 'ICD10', 'ICD10', 'ICD10', 'ICD10', 'ICD10', 'ICD10', 'ICD10', 'ICD10', 'ICD10', 'ICD10', 'ICD10', 'ICD10', 'ICD10', 'ICD10', 'ICD10', 'ICD10', 'ICD10', 'ICD10', 'ICD10', 'ICD10', 'ICD10', 'ICD10', 'ICD10', 'ICD10', 'ICD10', 'ICD10', 'ICD10', 'ICD10', 'ICD10', 'ICD10', 'ICD10', 'ICD10', 'ICD10', 'ICD10', 'ICD10', 'ICD10', 'ICD10', 'ICD10', 'ICD10', 'ICD10', 'ICD10', 'ICD10', 'ICD10', 'ICD10', 'ICD10', 'ICD10', 'ICD10', 'ICD10', 'ICD10', 'ICD10', 'ICD10', 'ICD10', 'ICD10', 'ICD10', 'ICD10', 'ICD10', 'ICD10', 'ICD10', 'ICD10', 'ICD10', 'ICD10'];347525.0;1.0;
102; ;ICD-10;['ICD10', 'ICD10', 'ICD10', 'ICD10', 'ICD10', 'ICD10', 'ICD10', 'ICD10GM', 'ICD10GM', 'ICD10', 'ICD10', 'ICD10', 'ICD10', 'ICD10', 'ICD10', 'ICD10', 'ICD10', 'ICD10', 'ICD10', 'ICD10', 'ICD10', 'ICD10', 'ICD10', 'ICD10', 'ICD10', 'ICD10', 'ICD10', 'ICD10', 'ICD10', 'ICD10', 'ICD10', 'ICD10', 'ICD10', 'ICD10', 'ICD10', 'ICD10', 'ICD10', 'ICD10', 'ICD10', 'ICD10', 'ICD10', 'ICD10', 'ICD10', 'ICD10', 'ICD10', 'ICD10', 'ICD10', 'ICD10', 'ICD10', 'ICD10', 'ICD10', 'ICD10', 'ICD10', 'ICD10', 'ICD10', 'ICD10', 'ICD10', 'ICD10', 'ICD10', 'ICD10', 'ICD10', 'ICD10', 'ICD10', 'ICD10', 'ICD10', 'ICD10', 'ICD10', 'ICD10', 'ICD10', 'ICD10', 'ICD10', 'ICD10', 'ICD10', 'ICD10', 'ICD10', 'ICD10', 'ICD10', 'ICD10', 'ICD10', 'ICD10', 'ICD10', 'ICD10', 'ICD10', 'ICD10', 'ICD10', 'ICD10', 'ICD10', 'ICD10', 'ICD10', 'ICD10', 'ICD10', 'ICD10', 'ICD10', 'ICD10', 'ICD10', 'ICD10', 'ICD10', 'ICD10', 'ICD10', 'ICD10'];347525.0;1.0;
103; ;ICD-10 V20;['ICD10', 'ICD10', 'ICD10', 'ICD10', 'ICD10GM', 'ICD10', 'ICD10', 'ICD10', 'ICD10', 'ICD10', 'ICD10', 'ICD10', 'ICD10', 'ICD10', 'ICD10', 'ICD10', 'ICD10', 'ICD10', 'ICD10', 'ICD10', 'ICD10', 'ICD10', 'ICD10', 'ICD10', 'ICD10', 'ICD10', 'ICD10', 'ICD10', 'ICD10', 'ICD10', 'ICD10', 'ICD10', 'ICD10', 'ICD10', 'ICD10', 'ICD10', 'ICD10', 'ICD10', 'ICD10', 'ICD10', 'ICD10', 'ICD10', 'ICD10', 'ICD10', 'ICD10', 'ICD10', 'ICD10', 'ICD10', 'ICD10', 'ICD10', 'ICD10', 'ICD10', 'ICD10', 'ICD10', 'ICD10', 'ICD10', 'ICD10', 'ICD10', 'ICD10', 'ICD10', 'ICD10', 'ICD10', 'ICD10', 'ICD10', 'ICD10', 'ICD10', 'ICD10', 'ICD10', 'ICD10', 'ICD10', 'ICD10', 'ICD10', 'ICD10', 'ICD10', 'ICD10', 'ICD10', 'ICD10', 'ICD10', 'ICD10', 'ICD10', 'ICD10', 'ICD10', 'ICD10', 'ICD10', 'ICD10', 'ICD10', 'ICD10', 'ICD10', 'ICD10', 'ICD10', 'ICD10', 'ICD10', 'ICD10', 'ICD10', 'ICD10', 'ICD10', 'ICD10', 'ICD10', 'ICD10', 'ICD10'];347525.0;1.0;
104;482.-;ICD-9;['ICD9CM', 'ICD9CM', 'ICD9CM', 'ICD9CM', 'ICD9CM', 'ICD9CM', 'ICD9CM', 'ICD9CM', 'ICD9CM', 'ICD9CM', 'ICD9CM', 'ICD9CM', 'ICD9CM', 'ICD9CM', 'ICD9CM', 'ICD9CM', 'ICD9CM', 'ICD9CM', 'ICD9CM', 'ICD9CM'];20.0;1.0;482.
105;CA;ICD-10 V20;['ICD10GM', 'ICD10GM', 'ICD10GM', 'ICD10GM', 'ICD10GM', 'ICD10GM', 'ICD10GM', 'ICD10GM', 'ICD10GM', 'ICD10GM', 'ICD10GM', 'ICD10GM', 'ICD10GM', 'ICD10GM', 'ICD10GM', 'ICD10GM', 'ICD10GM', 'ICD10GM', 'ICD10GM', 'ICD10GM', 'ICD10GM', 'ICD10GM', 'ICD10GM', 'ICD10GM', 'ICD10GM', 'ICD10GM', 'ICD10GM', 'ICD10GM', 'ICD10GM', 'ICD10GM', 'ICD10GM', 'ICD10GM', 'ICD10GM', 'ICD10GM', 'ICD10GM', 'ICD10GM', 'ICD10GM', 'ICD10GM', 'ICD10GM', 'ICD10GM', 'ICD10GM', 'ICD10GM', 'ICD10GM', 'ICD10GM', 'ICD10GM', 'ICD10GM', 'ICD10GM', 'ICD10GM', 'ICD10GM', 'ICD10GM', 'ICD10GM', 'ICD10GM', 'ICD10GM', 'ICD10GM', 'ICD10GM', 'ICD10GM', 'ICD10GM', 'ICD10GM', 'ICD10GM', 'ICD10GM', 'ICD10GM', 'ICD10GM', 'ICD10GM', 'ICD10GM', 'ICD10GM', 'ICD10GM', 'ICD10GM', 'ICD10GM', 'ICD10GM', 'ICD10GM', 'ICD10GM', 'ICD10GM', 'ICD10GM', 'ICD10GM', 'ICD10GM', 'ICD10GM', 'ICD10GM', 'ICD10GM', 'ICD10GM', 'ICD10GM', 'ICD10GM', 'ICD10GM', 'ICD10GM', 'ICD10GM', 'ICD10GM', 'ICD10GM', 'ICD10GM', 'ICD10GM', 'ICD10GM', 'ICD10GM', 'ICD10GM', 'ICD10GM', 'ICD10GM', 'ICD10GM', 'ICD10GM', 'ICD10GM', 'ICD10GM', 'ICD10GM', 'ICD10GM', 'ICD10GM'];4446.0;1.0;C
106;E66.96;ICD10 2022;['ICD10GM', 'ICD10', 'ICD10CM', 'ICD10GM', 'ICD10GM', 'ICD10GM', 'ICD10GM', 'ICD10GM', 'ICD10GM'];9.0;1.0;E66.9
107;K86.80;ICD10 2022;['ICD10', 'ICD10CM', 'ICD10CM', 'ICD10CM', 'ICD10GM'];5.0;1.0;K86.8
